AICS-12_0,20160705_S03_001.czi
AICS-12_1,20160705_S03_002.czi
AICS-12_2,20160705_S03_003.czi
AICS-12_3,20160705_S03_004.czi
AICS-12_4,20160705_S03_005.czi
AICS-12_5,20160705_S03_006.czi
AICS-12_6,20160705_S03_007.czi
AICS-12_7,20160705_S03_008.czi
AICS-12_8,20160705_S03_009.czi
AICS-12_9,20160705_S03_010.czi
AICS-12_10,20160705_S03_011.czi
AICS-12_11,20160705_S03_012.czi
AICS-12_12,20160705_S03_013.czi
AICS-12_13,20160705_S03_014.czi
AICS-12_14,20160705_S03_015.czi
AICS-12_15,20160705_S03_016.czi
AICS-12_16,20160705_S03_017.czi
AICS-12_17,20160705_S03_018.czi
AICS-12_18,20160705_S03_019.czi
AICS-12_19,20160705_S03_020.czi
AICS-12_20,20160705_S03_021.czi
AICS-12_21,20160705_S03_022.czi
AICS-12_22,20160705_S03_023.czi
AICS-12_23,20160705_S03_024.czi
AICS-12_24,20160705_S03_025.czi
AICS-12_25,20160705_S03_026.czi
AICS-12_26,20160705_S03_027.czi
AICS-12_27,20160705_S03_028.czi
AICS-12_28,20160705_S03_029.czi
AICS-12_29,20160705_S03_030.czi
AICS-12_30,20160705_S03_031.czi
AICS-12_31,20160705_S03_032.czi
AICS-12_32,20160705_S03_033.czi
AICS-12_33,20160705_S03_034.czi
AICS-12_34,20160705_S03_035.czi
AICS-12_35,20160705_S03_036.czi
AICS-12_36,20160705_S03_037.czi
AICS-12_37,20160705_S03_038.czi
AICS-12_38,20160705_S03_039.czi
AICS-12_39,20160705_S03_040.czi
AICS-12_40,20160705_S03_041.czi
AICS-12_41,20160705_S03_042.czi
AICS-12_42,20160705_S03_043.czi
AICS-12_43,20160705_S03_044.czi
AICS-12_44,20160705_S03_045.czi
AICS-12_45,20160705_S03_046.czi
AICS-12_46,20160705_S03_047.czi
AICS-12_47,20160705_S03_048.czi
AICS-12_48,20160705_S03_049.czi
AICS-12_49,20160705_S03_050.czi
AICS-12_50,20160705_S03_051.czi
AICS-12_51,20160705_S03_052.czi
AICS-12_52,20160705_S03_053.czi
AICS-12_53,20160705_S03_054.czi
AICS-12_54,20160705_S03_055.czi
AICS-12_55,20160705_S03_056.czi
AICS-12_56,20160705_S03_057.czi
AICS-12_57,20160705_S03_058.czi
AICS-12_58,20160705_S03_059.czi
AICS-12_59,20160705_S03_060.czi
AICS-12_60,20170116_C01_001.czi
AICS-12_61,20170116_C01_002.czi
AICS-12_62,20170116_C01_003.czi
AICS-12_63,20170116_C01_004.czi
AICS-12_64,20170116_C01_005.czi
AICS-12_65,20170116_C01_006.czi
AICS-12_66,20170116_C01_007.czi
AICS-12_67,20170116_C01_008.czi
AICS-12_68,20170116_C01_010.czi
AICS-12_69,20170116_C01_011.czi
AICS-12_70,20170116_C01_012.czi
AICS-12_71,20170116_C01_013.czi
AICS-12_72,20170116_C01_014.czi
AICS-12_73,20170116_C01_015.czi
AICS-12_74,20170116_C01_016.czi
AICS-12_75,20170116_C01_017.czi
AICS-12_76,20170116_C01_018.czi
AICS-12_77,20170116_C01_019.czi
AICS-12_78,20170116_C01_020.czi
AICS-12_79,20170116_C01_021.czi
AICS-12_80,20170116_C01_022.czi
AICS-12_81,20170116_C01_023.czi
AICS-12_82,20170116_C01_024.czi
AICS-12_83,20170116_C01_025.czi
AICS-12_84,20170116_C01_026.czi
AICS-12_85,20170116_C01_027.czi
AICS-12_86,20170116_C01_028.czi
AICS-12_87,20170116_C01_029.czi
AICS-12_88,20170116_C01_030.czi
AICS-12_89,20170116_C01_031.czi
AICS-12_90,20170116_C01_032.czi
AICS-12_91,20170116_C01_033.czi
AICS-12_92,20170116_C01_034.czi
AICS-12_93,20170116_C01_035.czi
AICS-12_94,20170116_C01_036.czi
AICS-12_95,20170116_C01_037.czi
AICS-12_96,20170116_C01_038.czi
AICS-12_97,3500000468_100X_20170124_E05_P01.czi
AICS-12_98,3500000468_100X_20170124_E05_P02.czi
AICS-12_99,3500000468_100X_20170124_E05_P03.czi
AICS-12_100,3500000468_100X_20170124_E05_P04.czi
AICS-12_101,3500000468_100X_20170124_E06_P05.czi
AICS-12_102,3500000468_100X_20170124_E06_P06.czi
AICS-12_103,3500000468_100X_20170124_E06_P07.czi
AICS-12_104,3500000468_100X_20170124_E07_P09.czi
AICS-12_105,3500000468_100X_20170124_E07_P10.czi
AICS-12_106,3500000468_100X_20170124_E07_P11.czi
AICS-12_107,3500000468_100X_20170124_E07_P12.czi
AICS-12_108,3500000468_100X_20170124_E07_P13.czi
AICS-12_109,3500000468_100X_20170124_E07_P15.czi
AICS-12_110,3500000468_100X_20170124_E07_P16.czi
AICS-12_111,3500000468_100X_20170124_E08_P17.czi
AICS-12_112,3500000468_100X_20170124_E08_P18.czi
AICS-12_113,3500000468_100X_20170124_E08_P19.czi
AICS-12_114,3500000468_100X_20170124_E08_P20.czi
AICS-12_115,3500000468_100X_20170124_E08_P21.czi
AICS-12_116,3500000468_100X_20170124_E08_P22.czi
AICS-12_117,3500000468_100X_20170124_E08_P23.czi
AICS-12_118,3500000468_100X_20170124_F05_P36.czi
AICS-12_119,3500000468_100X_20170124_F05_P38.czi
AICS-12_120,3500000468_100X_20170124_F05_P39.czi
AICS-12_121,3500000468_100X_20170124_F05_P40.czi
AICS-12_122,3500000468_100X_20170124_F06_P33.czi
AICS-12_123,3500000468_100X_20170124_F06_P35.czi
AICS-12_124,3500000468_100X_20170124_F07_P24.czi
AICS-12_125,3500000468_100X_20170124_F07_P25.czi
AICS-12_126,3500000468_100X_20170124_F07_P26.czi
AICS-12_127,3500000468_100X_20170124_F07_P27.czi
AICS-12_128,3500000468_100X_20170124_F07_P29.czi
AICS-12_129,3500000468_100X_20170124_F07_P30.czi
AICS-12_130,3500000468_100X_20170124_F07_P31.czi
AICS-12_131,3500000468_100X_20170124_F07_P32.czi
AICS-12_132,20170124_C07_002.czi
AICS-12_133,20170124_C07_003.czi
AICS-12_134,20170124_C07_004.czi
AICS-12_135,20170124_C07_005.czi
AICS-12_136,20170124_C07_006.czi
AICS-12_137,20170124_C07_007.czi
AICS-12_138,20170124_C07_008.czi
AICS-12_139,20170124_C07_009.czi
AICS-12_140,20170124_C07_010.czi
AICS-12_141,20170124_C07_011.czi
AICS-12_142,20170124_C07_012.czi
AICS-12_143,20170124_C07_013.czi
AICS-12_144,20170124_C07_014.czi
AICS-12_145,20170124_C07_015.czi
AICS-12_146,20170124_C07_016.czi
AICS-12_147,20170124_C07_017.czi
AICS-12_148,20170124_C07_018.czi
AICS-12_149,20170124_C07_019.czi
AICS-12_150,20170124_C07_020.czi
AICS-12_151,20170124_C07_021.czi
AICS-12_152,20170124_C07_022.czi
AICS-12_153,20170124_C07_023.czi
AICS-12_154,20170124_C07_024.czi
AICS-12_155,20170124_C07_025.czi
AICS-12_156,20170124_C07_026.czi
AICS-12_157,20170124_C07_027.czi
AICS-12_158,20170124_C07_028.czi
AICS-12_159,20170124_C07_029.czi
AICS-12_160,20170124_C07_030.czi
AICS-12_161,20170124_C07_031.czi
AICS-12_162,20170124_C07_032.czi
AICS-12_163,20170124_C07_033.czi
AICS-12_164,20170124_C07_034.czi
AICS-12_165,20170124_C07_035.czi
AICS-12_166,20170124_C07_036.czi
AICS-12_167,20170124_C07_037.czi
AICS-12_168,20170124_C07_038.czi
AICS-12_169,20170124_C07_039.czi
AICS-12_170,20170124_C07_040.czi
AICS-12_171,20170124_C07_041.czi
AICS-12_172,20170124_C07_042.czi
AICS-12_173,20170124_C07_043.czi
AICS-12_174,20170124_C07_044.czi
AICS-12_175,20170124_C07_045.czi
AICS-12_176,20170124_C07_046.czi
AICS-12_177,20170124_C07_047.czi
AICS-12_178,20170124_C07_048.czi
AICS-12_179,20170124_C07_049.czi
AICS-12_180,20170124_C07_050.czi
AICS-12_181,20170124_C07_051.czi
AICS-12_182,20170124_C07_052.czi
AICS-12_183,20170124_C07_053.czi
AICS-12_184,20170124_C07_054.czi
AICS-12_185,20170124_C07_055.czi
AICS-12_186,3500000572_100X_20170210_E06_P03.czi
AICS-12_187,3500000572_100X_20170210_E06_P04.czi
AICS-12_188,3500000572_100X_20170210_E06_P05.czi
AICS-12_189,3500000572_100X_20170210_E06_P11.czi
AICS-12_190,3500000572_100X_20170210_E06_P13.czi
AICS-12_191,3500000572_100X_20170210_E06_P16.czi
AICS-12_192,3500000572_100X_20170210_E06_P17.czi
AICS-12_193,3500000572_100X_20170210_E06_P18.czi
AICS-12_194,3500000572_100X_20170210_E06_P20.czi
AICS-12_195,3500000572_100X_20170210_E06_P21.czi
AICS-12_196,3500000572_100X_20170210_E06_P22.czi
AICS-12_197,3500000572_100X_20170210_E06_P23.czi
AICS-12_198,3500000572_100X_20170210_E06_P24.czi
AICS-12_199,3500000572_100X_20170210_E06_P26.czi
AICS-12_200,3500000572_100X_20170210_E07_P29.czi
AICS-12_201,3500000572_100X_20170210_E07_P30.czi
AICS-12_202,3500000572_100X_20170210_E07_P34.czi
AICS-12_203,3500000572_100X_20170210_E07_P35.czi
AICS-12_204,3500000572_100X_20170210_E07_P37.czi
AICS-12_205,3500000572_100X_20170210_E07_P38.czi
AICS-12_206,3500000572_100X_20170210_E07_P39.czi
AICS-12_207,3500000572_100X_20170210_E07_P40.czi
AICS-12_208,3500000572_100X_20170210_E07_P43.czi
AICS-12_209,3500000572_100X_20170210_E07_P44.czi
AICS-12_210,3500000572_100X_20170210_E07_P45.czi
AICS-12_211,3500000572_100X_20170210_E07_P46.czi
AICS-12_212,3500000572_100X_20170210_E07_P47.czi
AICS-12_213,3500000572_100X_20170210_E07_P48.czi
AICS-12_214,3500000572_100X_20170210_E08_P49.czi
AICS-12_215,3500000572_100X_20170210_E08_P50.czi
AICS-12_216,3500000572_100X_20170210_E08_P51.czi
AICS-12_217,3500000572_100X_20170210_E08_P52.czi
AICS-12_218,3500000572_100X_20170210_E08_P53.czi
AICS-12_219,3500000572_100X_20170210_E08_P54.czi
AICS-12_220,3500000572_100X_20170210_E08_P55.czi
AICS-12_221,3500000572_100X_20170210_E08_P56.czi
AICS-12_222,3500000572_100X_20170210_E08_P57.czi
AICS-12_223,3500000572_100X_20170210_E08_P58.czi
AICS-12_224,3500000572_100X_20170210_E08_P60.czi
AICS-12_225,3500000574_100X_20170210_E05_P01.czi
AICS-12_226,3500000574_100X_20170210_E05_P02.czi
AICS-12_227,3500000574_100X_20170210_E05_P03.czi
AICS-12_228,3500000574_100X_20170210_E05_P04.czi
AICS-12_229,3500000574_100X_20170210_E05_P05.czi
AICS-12_230,3500000574_100X_20170210_E05_P06.czi
AICS-12_231,3500000574_100X_20170210_E05_P07.czi
AICS-12_232,3500000574_100X_20170210_E05_P08.czi
AICS-12_233,3500000574_100X_20170210_E05_P09.czi
AICS-12_234,3500000574_100X_20170210_E05_P10.czi
AICS-12_235,3500000574_100X_20170210_E06_P11.czi
AICS-12_236,3500000574_100X_20170210_E06_P12.czi
AICS-12_237,3500000574_100X_20170210_E06_P14.czi
AICS-12_238,3500000574_100X_20170210_E06_P15.czi
AICS-12_239,3500000574_100X_20170210_E06_P17.czi
AICS-12_240,3500000574_100X_20170210_E06_P18.czi
AICS-12_241,3500000574_100X_20170210_E06_P19.czi
AICS-12_242,3500000574_100X_20170210_E07_P20.czi
AICS-12_243,3500000574_100X_20170210_E07_P21.czi
AICS-12_244,3500000574_100X_20170210_E07_P22.czi
AICS-12_245,3500000574_100X_20170210_E07_P23.czi
AICS-12_246,3500000574_100X_20170210_E07_P24.czi
AICS-12_247,3500000574_100X_20170210_E07_P25.czi
AICS-12_248,3500000574_100X_20170210_E07_P26.czi
AICS-12_249,3500000574_100X_20170210_E07_P27.czi
AICS-12_250,3500000574_100X_20170210_E07_P28.czi
AICS-12_251,3500000574_100X_20170210_E07_P29.czi
AICS-12_252,3500000574_100X_20170210_E07_P30.czi
AICS-12_253,3500000574_100X_20170210_F05_P41.czi
AICS-12_254,3500000574_100X_20170210_F05_P42.czi
AICS-12_255,3500000574_100X_20170210_F05_P43.czi
AICS-12_256,3500000574_100X_20170210_F05_P44.czi
AICS-12_257,3500000574_100X_20170210_F05_P45.czi
AICS-12_258,3500000574_100X_20170210_F05_P46.czi
AICS-12_259,3500000574_100X_20170210_F05_P47.czi
AICS-12_260,3500000574_100X_20170210_F05_P48.czi
AICS-12_261,3500000574_100X_20170210_F06_P39.czi
AICS-12_262,3500000574_100X_20170210_F06_P40.czi
AICS-12_263,3500000574_100X_20170210_F07_P31.czi
AICS-12_264,3500000574_100X_20170210_F07_P33.czi
AICS-12_265,3500000574_100X_20170210_F07_P34.czi
AICS-12_266,3500000574_100X_20170210_F07_P35.czi
AICS-12_267,3500000574_100X_20170210_F07_P36.czi
AICS-12_268,3500000574_100X_20170210_F07_P37.czi
AICS-11_0,20160705_I01_001.czi
AICS-11_1,20160705_I01_002.czi
AICS-11_2,20160705_I01_003.czi
AICS-11_3,20160705_I01_004.czi
AICS-11_4,20160705_I01_005.czi
AICS-11_5,20160705_I01_006.czi
AICS-11_6,20160705_I01_007.czi
AICS-11_7,20160705_I01_008.czi
AICS-11_8,20160705_I01_009.czi
AICS-11_9,20160705_I01_010.czi
AICS-11_10,20160705_I01_011.czi
AICS-11_11,20160705_I01_012.czi
AICS-11_12,20160705_I01_013.czi
AICS-11_13,20160705_I01_014.czi
AICS-11_14,20160705_I01_015.czi
AICS-11_15,20160705_I01_016.czi
AICS-11_16,20160705_I01_017.czi
AICS-11_17,20160705_I01_018.czi
AICS-11_18,20160705_I01_019.czi
AICS-11_19,20160705_I01_020.czi
AICS-11_20,20160705_I01_021.czi
AICS-11_21,20160705_I01_022.czi
AICS-11_22,20160705_I01_023.czi
AICS-11_23,20160705_I01_024.czi
AICS-11_24,20160705_I01_025.czi
AICS-11_25,20160705_I01_026.czi
AICS-11_26,20160705_I01_027.czi
AICS-11_27,20160705_I01_028.czi
AICS-11_28,20160705_I01_029.czi
AICS-11_29,20160705_I01_030.czi
AICS-11_30,20160705_I01_031.czi
AICS-11_31,20160705_I01_032.czi
AICS-11_32,20160705_I01_033.czi
AICS-11_33,20160705_I01_034.czi
AICS-11_34,20160705_I01_035.czi
AICS-11_35,20160705_I01_036.czi
AICS-11_36,20160705_I01_037.czi
AICS-11_37,20160705_I01_038.czi
AICS-11_38,20160705_I01_039.czi
AICS-11_39,20160705_I01_040.czi
AICS-11_40,20160705_I01_041.czi
AICS-11_41,20160705_I01_042.czi
AICS-11_42,20160705_I01_043.czi
AICS-11_43,20160705_I01_044.czi
AICS-11_44,20160705_I01_045.czi
AICS-11_45,20160705_I01_046.czi
AICS-11_46,20160705_I01_047.czi
AICS-11_47,20160705_I01_048.czi
AICS-11_48,20160705_I01_049.czi
AICS-11_49,20160705_I01_050.czi
AICS-11_50,20160705_I01_051.czi
AICS-11_51,20160705_I01_052.czi
AICS-11_52,20160705_I01_053.czi
AICS-11_53,20160705_I01_054.czi
AICS-11_54,20160705_I01_055.czi
AICS-11_55,20160705_I01_056.czi
AICS-11_56,20160705_I01_057.czi
AICS-11_57,20160705_I01_058.czi
AICS-11_58,20160705_I01_059.czi
AICS-11_59,3500000518_100X_20170203_E05_P01.czi
AICS-11_60,3500000518_100X_20170203_E05_P02.czi
AICS-11_61,3500000518_100X_20170203_E05_P03.czi
AICS-11_62,3500000518_100X_20170203_E05_P04.czi
AICS-11_63,3500000518_100X_20170203_E05_P05.czi
AICS-11_64,3500000518_100X_20170203_E06_P06.czi
AICS-11_65,3500000518_100X_20170203_E06_P07.czi
AICS-11_66,3500000518_100X_20170203_E06_P08.czi
AICS-11_67,3500000518_100X_20170203_E06_P09.czi
AICS-11_68,3500000518_100X_20170203_E06_P10.czi
AICS-11_69,3500000518_100X_20170203_E07_P11.czi
AICS-11_70,3500000518_100X_20170203_E07_P12.czi
AICS-11_71,3500000518_100X_20170203_F06_P18.czi
AICS-11_72,3500000518_100X_20170203_F06_P19.czi
AICS-11_73,3500000518_100X_20170203_F06_P20.czi
AICS-11_74,3500000518_100X_20170203_F06_P21.czi
AICS-11_75,3500000518_100X_20170203_F06_P24.czi
AICS-11_76,3500000518_100X_20170203_F06_P25.czi
AICS-11_77,3500000518_100X_20170203_F06_P26.czi
AICS-11_78,3500000518_100X_20170203_F07_P14.czi
AICS-11_79,3500000518_100X_20170203_F07_P15.czi
AICS-11_80,3500000518_100X_20170203_F07_P16.czi
AICS-11_81,3500000518_100X_20170203_F07_P17.czi
AICS-11_82,3500000518_100X_20170203_F08_P13.czi
AICS-11_83,3500000517_100X_20170203_F05_P03.czi
AICS-11_84,3500000517_100X_20170203_F05_P08.czi
AICS-11_85,3500000517_100X_20170203_F07_P09.czi
AICS-11_86,3500000517_100X_20170203_F07_P10.czi
AICS-11_87,3500000517_100X_20170203_F07_P11.czi
AICS-11_88,3500000517_100X_20170203_F07_P12.czi
AICS-11_89,3500000517_100X_20170203_F07_P15.czi
AICS-11_90,3500000517_100X_20170203_F07_P17.czi
AICS-11_91,3500000517_100X_20170203_F07_P18.czi
AICS-11_92,3500000517_100X_20170203_F07_P19.czi
AICS-11_93,3500000517_100X_20170203_F07_P20.czi
AICS-11_94,3500000517_100X_20170203_F07_P21.czi
AICS-11_95,3500000517_100X_20170203_F07_P22.czi
AICS-11_96,3500000517_100X_20170203_F07_P24.czi
AICS-11_97,3500000517_100X_20170203_F07_P25.czi
AICS-11_98,3500000517_100X_20170203_F08_P26.czi
AICS-11_99,3500000517_100X_20170203_F08_P32.czi
AICS-11_100,3500000517_100X_20170203_F08_P35.czi
AICS-11_101,20170203_C01_001.czi
AICS-11_102,20170203_C01_002.czi
AICS-11_103,20170203_C01_003.czi
AICS-11_104,20170203_C01_004.czi
AICS-11_105,20170203_C01_005.czi
AICS-11_106,20170203_C01_006.czi
AICS-11_107,20170203_C01_007.czi
AICS-11_108,20170203_C01_008.czi
AICS-11_109,20170203_C01_009.czi
AICS-11_110,20170203_C01_011.czi
AICS-11_111,20170203_C01_012.czi
AICS-11_112,20170203_C01_013.czi
AICS-11_113,20170203_C01_014.czi
AICS-11_114,20170203_C01_015.czi
AICS-11_115,20170203_C01_016.czi
AICS-11_116,20170203_C01_017.czi
AICS-11_117,20170203_C01_018.czi
AICS-11_118,20170203_C01_019.czi
AICS-11_119,20170203_C01_020.czi
AICS-11_120,20170203_C01_021.czi
AICS-11_121,20170203_C01_022.czi
AICS-11_122,20170203_C01_023.czi
AICS-11_123,20170203_C01_024.czi
AICS-11_124,20170203_C01_025.czi
AICS-11_125,20170203_C01_026.czi
AICS-11_126,20170203_C01_027.czi
AICS-11_127,20170203_C01_028.czi
AICS-11_128,20170203_C01_029.czi
AICS-11_129,20170203_C01_031.czi
AICS-11_130,20170203_C01_032.czi
AICS-11_131,20170203_C01_033.czi
AICS-11_132,20170203_C01_034.czi
AICS-11_133,20170203_C01_035.czi
AICS-11_134,20170203_C01_036.czi
AICS-11_135,20170203_C01_037.czi
AICS-11_136,20170203_C01_038.czi
AICS-11_137,20170203_C01_039.czi
AICS-11_138,20170203_C01_040.czi
AICS-11_139,20170203_C01_041.czi
AICS-11_140,20170203_C01_042.czi
AICS-11_141,20170203_C01_044.czi
AICS-11_142,20170203_C01_045.czi
AICS-11_143,20170203_C01_046.czi
AICS-11_144,3500000552_100X_20170207_E05_P01.czi
AICS-11_145,3500000552_100X_20170207_E05_P02.czi
AICS-11_146,3500000552_100X_20170207_E05_P03.czi
AICS-11_147,3500000552_100X_20170207_E06_P04.czi
AICS-11_148,3500000552_100X_20170207_E06_P05.czi
AICS-11_149,3500000552_100X_20170207_E06_P06.czi
AICS-11_150,3500000552_100X_20170207_E07_P07.czi
AICS-11_151,3500000552_100X_20170207_E07_P08.czi
AICS-11_152,3500000552_100X_20170207_E07_P09.czi
AICS-11_153,3500000552_100X_20170207_E07_P10.czi
AICS-11_154,3500000552_100X_20170207_E08_P12.czi
AICS-11_155,3500000552_100X_20170207_E08_P13.czi
AICS-11_156,3500000552_100X_20170207_F05_P31.czi
AICS-11_157,3500000552_100X_20170207_F05_P32.czi
AICS-11_158,3500000552_100X_20170207_F05_P33.czi
AICS-11_159,3500000552_100X_20170207_F05_P34.czi
AICS-11_160,3500000552_100X_20170207_F06_P23.czi
AICS-11_161,3500000552_100X_20170207_F06_P24.czi
AICS-11_162,3500000552_100X_20170207_F06_P25.czi
AICS-11_163,3500000552_100X_20170207_F06_P27.czi
AICS-11_164,3500000552_100X_20170207_F06_P29.czi
AICS-11_165,3500000552_100X_20170207_F06_P30.czi
AICS-11_166,3500000552_100X_20170207_F07_P18.czi
AICS-11_167,3500000552_100X_20170207_F07_P20.czi
AICS-11_168,3500000552_100X_20170207_F07_P21.czi
AICS-11_169,3500000552_100X_20170207_F07_P22.czi
AICS-11_170,3500000552_100X_20170207_F08_P14.czi
AICS-11_171,3500000552_100X_20170207_F08_P15.czi
AICS-11_172,3500000552_100X_20170207_F08_P16.czi
AICS-11_173,3500000552_100X_20170207_F08_P17.czi
AICS-11_174,3500000558_100X_20170207_D02_P03.czi
AICS-11_175,3500000558_100X_20170207_D02_P04.czi
AICS-11_176,3500000558_100X_20170207_D02_P05.czi
AICS-11_177,3500000558_100X_20170207_D02_P07.czi
AICS-11_178,3500000558_100X_20170207_D02_P08.czi
AICS-11_179,3500000558_100X_20170207_D02_P09.czi
AICS-11_180,3500000558_100X_20170207_D02_P12.czi
AICS-11_181,3500000558_100X_20170207_D02_P13.czi
AICS-11_182,3500000558_100X_20170207_D02_P15.czi
AICS-11_183,3500000558_100X_20170207_D02_P17.czi
AICS-11_184,3500000558_100X_20170207_D03_P18.czi
AICS-11_185,3500000558_100X_20170207_D03_P19.czi
AICS-11_186,3500000558_100X_20170207_D03_P20.czi
AICS-11_187,3500000558_100X_20170207_D03_P24.czi
AICS-11_188,3500000558_100X_20170207_D03_P25.czi
AICS-11_189,3500000558_100X_20170207_D03_P27.czi
AICS-11_190,3500000558_100X_20170207_D03_P29.czi
AICS-11_191,3500000558_100X_20170207_D03_P30.czi
AICS-11_192,3500000558_100X_20170207_D03_P32.czi
AICS-11_193,3500000558_100X_20170207_D03_P33.czi
AICS-11_194,3500000558_100X_20170207_D03_P34.czi
AICS-11_195,3500000558_100X_20170207_D04_P36.czi
AICS-11_196,3500000558_100X_20170207_D04_P37.czi
AICS-11_197,3500000558_100X_20170207_D04_P40.czi
AICS-11_198,3500000558_100X_20170207_D04_P43.czi
AICS-11_199,3500000558_100X_20170207_D04_P44.czi
AICS-11_200,3500000558_100X_20170207_D04_P45.czi
AICS-11_201,3500000558_100X_20170207_D04_P46.czi
AICS-11_202,3500000558_100X_20170207_D04_P48.czi
AICS-11_203,3500000558_100X_20170207_D05_P53.czi
AICS-11_204,3500000558_100X_20170207_D05_P54.czi
AICS-11_205,3500000558_100X_20170207_D05_P55.czi
AICS-11_206,3500000558_100X_20170207_D05_P60.czi
AICS-11_207,20170210_S01_001.czi
AICS-11_208,20170210_S01_003.czi
AICS-11_209,20170210_S01_004.czi
AICS-11_210,20170210_S01_005.czi
AICS-11_211,20170210_S01_009.czi
AICS-11_212,20170210_S01_011.czi
AICS-11_213,20170210_S01_017.czi
AICS-11_214,20170210_S01_018.czi
AICS-11_215,20170210_S01_019.czi
AICS-11_216,20170210_S01_021.czi
AICS-11_217,20170210_S01_022.czi
AICS-11_218,20170210_S01_023.czi
AICS-11_219,20170210_S01_024.czi
AICS-11_220,20170210_S01_025.czi
AICS-13_0,20160719_S01_001.czi
AICS-13_1,20160719_S01_002.czi
AICS-13_2,20160719_S01_003.czi
AICS-13_3,20160719_S01_004.czi
AICS-13_4,20160719_S01_005.czi
AICS-13_5,20160719_S01_006.czi
AICS-13_6,20160719_S01_007.czi
AICS-13_7,20160719_S01_008.czi
AICS-13_8,20160719_S01_009.czi
AICS-13_9,20160719_S01_010.czi
AICS-13_10,20160719_S01_011.czi
AICS-13_11,20160719_S01_012.czi
AICS-13_12,20160719_S01_013.czi
AICS-13_13,20160719_S01_015.czi
AICS-13_14,20160719_S01_016.czi
AICS-13_15,20160719_S01_017.czi
AICS-13_16,20160719_S01_018.czi
AICS-13_17,20160719_S01_019.czi
AICS-13_18,20160719_S01_020.czi
AICS-13_19,20160719_S01_021.czi
AICS-13_20,20160719_S01_022.czi
AICS-13_21,20160719_S01_023.czi
AICS-13_22,20160719_S01_024.czi
AICS-13_23,20160719_S01_025.czi
AICS-13_24,20160719_S01_026.czi
AICS-13_25,20160719_S01_027.czi
AICS-13_26,20160719_S01_028.czi
AICS-13_27,20160719_S01_029.czi
AICS-13_28,20160719_S01_030.czi
AICS-13_29,20160719_S01_031.czi
AICS-13_30,20160719_S01_032.czi
AICS-13_31,20160719_S01_033.czi
AICS-13_32,20160719_S01_034.czi
AICS-13_33,20160719_S01_035.czi
AICS-13_34,20160719_S01_036.czi
AICS-13_35,20160719_S01_037.czi
AICS-13_36,20160719_S01_038.czi
AICS-13_37,20160719_S01_039.czi
AICS-13_38,20160719_S01_040.czi
AICS-13_39,20160719_S01_041.czi
AICS-13_40,20160719_S01_042.czi
AICS-13_41,20160719_S01_043.czi
AICS-13_42,20160719_S01_044.czi
AICS-13_43,20160719_S01_045.czi
AICS-13_44,20160719_S01_046.czi
AICS-13_45,20160719_S01_047.czi
AICS-13_46,20160719_S01_048.czi
AICS-13_47,20160719_S01_049.czi
AICS-13_48,20160719_S01_050.czi
AICS-13_49,20170127_I01_001.czi
AICS-13_50,20170127_I01_002.czi
AICS-13_51,20170127_I01_003.czi
AICS-13_52,20170127_I01_004.czi
AICS-13_53,20170127_I01_005.czi
AICS-13_54,20170127_I01_006.czi
AICS-13_55,20170127_I01_008.czi
AICS-13_56,20170127_I01_010.czi
AICS-13_57,20170127_I01_011.czi
AICS-13_58,20170127_I01_012.czi
AICS-13_59,20170127_I01_013.czi
AICS-13_60,20170127_I01_015.czi
AICS-13_61,20170127_I01_017.czi
AICS-13_62,20170127_I01_020.czi
AICS-13_63,20170127_I01_022.czi
AICS-13_64,20170127_I01_023.czi
AICS-13_65,20170127_I01_025.czi
AICS-13_66,20170127_I01_026.czi
AICS-13_67,20170127_I01_027.czi
AICS-13_68,20170127_I01_028.czi
AICS-13_69,20170127_I01_029.czi
AICS-13_70,20170127_I01_030.czi
AICS-13_71,20170127_I01_031.czi
AICS-13_72,20170127_I01_032.czi
AICS-13_73,20170127_I01_033.czi
AICS-13_74,20170127_I01_036.czi
AICS-13_75,20170127_I01_037.czi
AICS-13_76,20170127_I01_038.czi
AICS-13_77,20170127_I01_039.czi
AICS-13_78,20170127_I01_040.czi
AICS-13_79,20170127_I01_041.czi
AICS-13_80,20170127_I01_042.czi
AICS-13_81,20170127_I01_043.czi
AICS-13_82,20170127_I01_044.czi
AICS-13_83,20170127_I01_046.czi
AICS-13_84,20170127_I01_047.czi
AICS-13_85,20170127_I01_049.czi
AICS-13_86,20170127_I01_050.czi
AICS-13_87,20170127_I01_053.czi
AICS-13_88,20170127_I01_055.czi
AICS-13_89,3500000489_100X_20170127_E06_P02.czi
AICS-13_90,3500000489_100X_20170127_E06_P03.czi
AICS-13_91,3500000489_100X_20170127_E06_P04.czi
AICS-13_92,3500000489_100X_20170127_E06_P05.czi
AICS-13_93,3500000489_100X_20170127_E06_P06.czi
AICS-13_94,3500000489_100X_20170127_E06_P07.czi
AICS-13_95,3500000489_100X_20170127_E06_P08.czi
AICS-13_96,3500000489_100X_20170127_E06_P09.czi
AICS-13_97,3500000489_100X_20170127_E06_P10.czi
AICS-13_98,3500000489_100X_20170127_E06_P11.czi
AICS-13_99,3500000489_100X_20170127_E06_P13.czi
AICS-13_100,3500000489_100X_20170127_E06_P14.czi
AICS-13_101,3500000489_100X_20170127_E06_P15.czi
AICS-13_102,3500000489_100X_20170127_E06_P16.czi
AICS-13_103,3500000489_100X_20170127_E06_P17.czi
AICS-13_104,3500000489_100X_20170127_E06_P18.czi
AICS-13_105,3500000489_100X_20170127_E06_P19.czi
AICS-13_106,3500000489_100X_20170127_E06_P20.czi
AICS-13_107,3500000489_100X_20170127_E06_P21.czi
AICS-13_108,3500000489_100X_20170127_E07_P22.czi
AICS-13_109,3500000489_100X_20170127_E07_P23.czi
AICS-13_110,3500000489_100X_20170127_E07_P24.czi
AICS-13_111,3500000489_100X_20170127_E07_P25.czi
AICS-13_112,3500000489_100X_20170127_E07_P26.czi
AICS-13_113,3500000489_100X_20170127_E07_P29.czi
AICS-13_114,3500000489_100X_20170127_E07_P30.czi
AICS-13_115,3500000489_100X_20170127_E07_P31.czi
AICS-13_116,3500000489_100X_20170127_E07_P32.czi
AICS-13_117,3500000489_100X_20170127_E07_P33.czi
AICS-13_118,3500000489_100X_20170127_E07_P35.czi
AICS-13_119,3500000489_100X_20170127_E07_P37.czi
AICS-13_120,3500000489_100X_20170127_E07_P38.czi
AICS-13_121,3500000489_100X_20170127_E07_P39.czi
AICS-13_122,3500000489_100X_20170127_E07_P40.czi
AICS-13_123,3500000489_100X_20170127_F07_P60.czi
AICS-13_124,3500000489_100X_20170127_F08_P41.czi
AICS-13_125,3500000489_100X_20170127_F08_P42.czi
AICS-13_126,3500000489_100X_20170127_F08_P45.czi
AICS-13_127,3500000489_100X_20170127_F08_P46.czi
AICS-13_128,3500000489_100X_20170127_F08_P47.czi
AICS-13_129,3500000489_100X_20170127_F08_P49.czi
AICS-13_130,3500000489_100X_20170127_F08_P50.czi
AICS-13_131,3500000489_100X_20170127_F08_P51.czi
AICS-13_132,3500000489_100X_20170127_F08_P53.czi
AICS-13_133,3500000489_100X_20170127_F08_P54.czi
AICS-13_134,3500000489_100X_20170127_F08_P55.czi
AICS-13_135,3500000489_100X_20170127_F08_P56.czi
AICS-13_136,3500000489_100X_20170127_F08_P57.czi
AICS-13_137,3500000490_100X_20170127_E05_P03.czi
AICS-13_138,3500000490_100X_20170127_E05_P04.czi
AICS-13_139,3500000490_100X_20170127_E05_P05.czi
AICS-13_140,3500000490_100X_20170127_E05_P06.czi
AICS-13_141,3500000490_100X_20170127_E05_P07.czi
AICS-13_142,3500000490_100X_20170127_E06_P10.czi
AICS-13_143,3500000490_100X_20170127_E06_P12.czi
AICS-13_144,3500000490_100X_20170127_E06_P13.czi
AICS-13_145,3500000490_100X_20170127_E06_P14.czi
AICS-13_146,3500000490_100X_20170127_E06_P15.czi
AICS-13_147,3500000490_100X_20170127_E06_P16.czi
AICS-13_148,3500000490_100X_20170127_E06_P17.czi
AICS-13_149,3500000490_100X_20170127_E06_P18.czi
AICS-13_150,3500000490_100X_20170127_E06_P19.czi
AICS-13_151,3500000490_100X_20170127_E07_P21.czi
AICS-13_152,3500000490_100X_20170127_E07_P22.czi
AICS-13_153,3500000490_100X_20170127_E07_P24.czi
AICS-13_154,3500000490_100X_20170127_E07_P25.czi
AICS-13_155,3500000490_100X_20170127_E07_P26.czi
AICS-13_156,3500000490_100X_20170127_E07_P27.czi
AICS-13_157,3500000490_100X_20170127_E07_P28.czi
AICS-13_158,3500000490_100X_20170127_E08_P29.czi
AICS-13_159,3500000490_100X_20170127_E08_P30.czi
AICS-13_160,3500000490_100X_20170127_E08_P31.czi
AICS-13_161,3500000490_100X_20170127_E08_P32.czi
AICS-13_162,3500000490_100X_20170127_E08_P33.czi
AICS-13_163,3500000490_100X_20170127_E08_P34.czi
AICS-13_164,3500000490_100X_20170127_F05_P48.czi
AICS-13_165,3500000490_100X_20170127_F05_P49.czi
AICS-13_166,3500000490_100X_20170127_F05_P51.czi
AICS-13_167,3500000490_100X_20170127_F05_P52.czi
AICS-13_168,3500000490_100X_20170127_F05_P53.czi
AICS-13_169,3500000490_100X_20170127_F05_P54.czi
AICS-13_170,3500000490_100X_20170127_F05_P55.czi
AICS-13_171,3500000490_100X_20170127_F07_P39.czi
AICS-13_172,3500000490_100X_20170127_F07_P40.czi
AICS-13_173,3500000490_100X_20170127_F07_P41.czi
AICS-13_174,3500000490_100X_20170127_F07_P42.czi
AICS-13_175,3500000490_100X_20170127_F07_P43.czi
AICS-13_176,3500000490_100X_20170127_F07_P45.czi
AICS-13_177,3500000490_100X_20170127_F08_P35.czi
AICS-13_178,3500000490_100X_20170127_F08_P36.czi
AICS-13_179,3500000490_100X_20170127_F08_P37.czi
AICS-13_180,3500000490_100X_20170127_F08_P38.czi
AICS-13_181,3500000497_100X_20170130_E05_P02.czi
AICS-13_182,3500000497_100X_20170130_E05_P04.czi
AICS-13_183,3500000497_100X_20170130_E05_P05.czi
AICS-13_184,3500000497_100X_20170130_E05_P06.czi
AICS-13_185,3500000497_100X_20170130_E05_P07.czi
AICS-13_186,3500000497_100X_20170130_E05_P08.czi
AICS-13_187,3500000497_100X_20170130_E05_P09.czi
AICS-13_188,3500000497_100X_20170130_E05_P10.czi
AICS-13_189,3500000497_100X_20170130_E05_P11.czi
AICS-13_190,3500000497_100X_20170130_E05_P12.czi
AICS-13_191,3500000497_100X_20170130_E05_P13.czi
AICS-13_192,3500000497_100X_20170130_E06_P14.czi
AICS-13_193,3500000497_100X_20170130_E06_P16.czi
AICS-13_194,3500000497_100X_20170130_E06_P17.czi
AICS-13_195,3500000497_100X_20170130_E06_P19.czi
AICS-13_196,3500000497_100X_20170130_E06_P20.czi
AICS-13_197,3500000497_100X_20170130_E06_P21.czi
AICS-13_198,3500000497_100X_20170130_E06_P22.czi
AICS-13_199,3500000497_100X_20170130_E06_P24.czi
AICS-13_200,3500000497_100X_20170130_E06_P26.czi
AICS-13_201,3500000497_100X_20170130_E06_P27.czi
AICS-13_202,3500000497_100X_20170130_E06_P28.czi
AICS-13_203,3500000497_100X_20170130_E06_P29.czi
AICS-13_204,3500000497_100X_20170130_E06_P30.czi
AICS-13_205,3500000497_100X_20170130_E06_P31.czi
AICS-13_206,3500000497_100X_20170130_E06_P33.czi
AICS-13_207,3500000497_100X_20170130_E06_P35.czi
AICS-13_208,3500000497_100X_20170130_E06_P36.czi
AICS-13_209,3500000497_100X_20170130_F05_P38.czi
AICS-13_210,3500000497_100X_20170130_F05_P39.czi
AICS-13_211,3500000497_100X_20170130_F05_P40.czi
AICS-13_212,3500000497_100X_20170130_F05_P42.czi
AICS-13_213,3500000497_100X_20170130_F05_P43.czi
AICS-13_214,3500000497_100X_20170130_F05_P45.czi
AICS-13_215,3500000497_100X_20170130_F05_P46.czi
AICS-13_216,3500000497_100X_20170130_F05_P47.czi
AICS-13_217,3500000500_100X_20170130_E05_P06.czi
AICS-13_218,3500000500_100X_20170130_E05_P08.czi
AICS-13_219,3500000500_100X_20170130_E05_P09.czi
AICS-13_220,3500000500_100X_20170130_E06_P10.czi
AICS-13_221,3500000500_100X_20170130_E06_P11.czi
AICS-13_222,3500000500_100X_20170130_E06_P12.czi
AICS-13_223,3500000500_100X_20170130_E07_P18.czi
AICS-13_224,3500000500_100X_20170130_E07_P19.czi
AICS-13_225,3500000500_100X_20170130_E08_P20.czi
AICS-13_226,3500000500_100X_20170130_E08_P22.czi
AICS-13_227,3500000500_100X_20170130_E08_P23.czi
AICS-13_228,3500000500_100X_20170130_F05_P36.czi
AICS-13_229,3500000500_100X_20170130_F05_P37.czi
AICS-13_230,3500000500_100X_20170130_F05_P38.czi
AICS-13_231,3500000500_100X_20170130_F05_P39.czi
AICS-13_232,3500000500_100X_20170130_F05_P41.czi
AICS-13_233,3500000500_100X_20170130_F05_P43.czi
AICS-13_234,3500000500_100X_20170130_F06_P29.czi
AICS-13_235,3500000500_100X_20170130_F06_P30.czi
AICS-13_236,3500000500_100X_20170130_F06_P31.czi
AICS-13_237,3500000500_100X_20170130_F06_P32.czi
AICS-13_238,3500000500_100X_20170130_F06_P34.czi
AICS-13_239,3500000500_100X_20170130_F06_P35.czi
AICS-13_240,3500000500_100X_20170130_F07_P24.czi
AICS-13_241,3500000500_100X_20170130_F07_P26.czi
AICS-13_242,3500000500_100X_20170130_F07_P27.czi
AICS-13_243,3500000500_100X_20170130_F07_P28.czi
AICS-10_0,20160708_C01_001.czi
AICS-10_1,20160708_C01_002.czi
AICS-10_2,20160708_C01_005.czi
AICS-10_3,20160708_C01_006.czi
AICS-10_4,20160708_C01_007.czi
AICS-10_5,20160708_C01_008.czi
AICS-10_6,20160708_C01_009.czi
AICS-10_7,20160708_C01_010.czi
AICS-10_8,20160708_C01_011.czi
AICS-10_9,20160708_C01_013.czi
AICS-10_10,20160708_C01_014.czi
AICS-10_11,20160708_C01_015.czi
AICS-10_12,20160708_C01_016.czi
AICS-10_13,20160708_C01_017.czi
AICS-10_14,20160708_C01_018.czi
AICS-10_15,20160708_C01_019.czi
AICS-10_16,20160708_C01_020.czi
AICS-10_17,20160708_C01_021.czi
AICS-10_18,20160708_C01_022.czi
AICS-10_19,20160708_C01_023.czi
AICS-10_20,20160708_C01_024.czi
AICS-10_21,20160708_C01_025.czi
AICS-10_22,20160708_C01_027.czi
AICS-10_23,20160708_C01_029.czi
AICS-10_24,20160708_C01_030.czi
AICS-10_25,20160708_C01_031.czi
AICS-10_26,20160708_C01_032.czi
AICS-10_27,20160708_C01_033.czi
AICS-10_28,20160708_C01_034.czi
AICS-10_29,20160708_C01_035.czi
AICS-10_30,20160708_C01_037.czi
AICS-10_31,20160708_C01_038.czi
AICS-10_32,20160708_C01_040.czi
AICS-10_33,20160708_C01_042.czi
AICS-10_34,20160708_C01_043.czi
AICS-10_35,20160708_C01_045.czi
AICS-10_36,20160708_C01_046.czi
AICS-10_37,20160708_C01_047.czi
AICS-10_38,20160708_C01_048.czi
AICS-10_39,20160708_C01_049.czi
AICS-10_40,20160708_C01_051.czi
AICS-10_41,20160708_C01_053.czi
AICS-10_42,20160708_C01_054.czi
AICS-10_43,20160708_C01_056.czi
AICS-10_44,20160708_C01_058.czi
AICS-10_45,20160708_C01_059.czi
AICS-10_46,20160908_C02_001_03.czi
AICS-10_47,20160908_C02_001_04.czi
AICS-10_48,20160908_C02_001_05.czi
AICS-10_49,20160908_C02_001_06.czi
AICS-10_50,20160908_C02_001_07.czi
AICS-10_51,20160908_C02_001_08.czi
AICS-10_52,20160908_C02_001_09.czi
AICS-10_53,20160908_C02_001_10.czi
AICS-10_54,20160908_C02_001_12.czi
AICS-10_55,20160908_C02_001_13.czi
AICS-10_56,20160908_C02_001_14.czi
AICS-10_57,20160908_C02_001_15.czi
AICS-10_58,20160908_C02_001_16.czi
AICS-10_59,20160908_C02_001_17.czi
AICS-10_60,20160908_C02_001_18.czi
AICS-10_61,20160908_C02_001_19.czi
AICS-10_62,20160908_C02_001_20.czi
AICS-10_63,20160908_C02_001_21.czi
AICS-10_64,20160908_C02_001_22.czi
AICS-10_65,20160908_C02_001_23.czi
AICS-10_66,20160908_C02_001_24.czi
AICS-10_67,20160908_C02_001_25.czi
AICS-10_68,20160908_C02_001_26.czi
AICS-10_69,20160908_C02_001_28.czi
AICS-10_70,20160908_C02_001_29.czi
AICS-10_71,20160908_C02_001_30.czi
AICS-10_72,20160908_C02_001_31.czi
AICS-10_73,20160908_C02_001_32.czi
AICS-10_74,20160908_C02_001_33.czi
AICS-10_75,20160908_C02_001_34.czi
AICS-10_76,20160908_C02_001_35.czi
AICS-10_77,20160908_C02_001_36.czi
AICS-10_78,20160908_C02_001_37.czi
AICS-10_79,20160908_C02_001_38.czi
AICS-10_80,20160908_C02_001_40.czi
AICS-10_81,20160908_C02_001_42.czi
AICS-10_82,20160908_C02_001_43.czi
AICS-10_83,20160908_C02_001_45.czi
AICS-10_84,20160908_C02_001_46.czi
AICS-10_85,20161220_C01_001.czi
AICS-10_86,20161220_C01_002.czi
AICS-10_87,20161220_C01_004.czi
AICS-10_88,20161220_C01_005.czi
AICS-10_89,20161220_C01_006.czi
AICS-10_90,20161220_C01_007.czi
AICS-10_91,20161220_C01_008.czi
AICS-10_92,20161220_C01_009.czi
AICS-10_93,20161220_C01_010.czi
AICS-10_94,20161220_C01_011.czi
AICS-10_95,20161220_C01_012.czi
AICS-10_96,20161220_C01_013.czi
AICS-10_97,20161220_C01_014.czi
AICS-10_98,20161220_C01_015.czi
AICS-10_99,20161220_C01_016.czi
AICS-10_100,20161220_C01_017.czi
AICS-10_101,20161220_C01_018.czi
AICS-10_102,20161220_C01_019.czi
AICS-10_103,20161220_C01_020.czi
AICS-10_104,20161220_C01_021.czi
AICS-10_105,20161220_C01_022.czi
AICS-10_106,20161220_C01_023.czi
AICS-10_107,20161220_C01_024.czi
AICS-10_108,20161220_C01_025.czi
AICS-10_109,20161220_C01_026.czi
AICS-10_110,20161220_C01_027.czi
AICS-10_111,20161220_C01_028.czi
AICS-10_112,20161220_C01_029.czi
AICS-10_113,20161220_C01_030.czi
AICS-10_114,20161220_C01_031.czi
AICS-10_115,20161220_C01_032.czi
AICS-10_116,20161220_C01_033.czi
AICS-10_117,20161220_C01_034.czi
AICS-10_118,20161220_C01_035.czi
AICS-10_119,20161220_C01_037.czi
AICS-10_120,20161220_C01_038.czi
AICS-10_121,20161220_C01_039.czi
AICS-10_122,20161220_C01_040.czi
AICS-10_123,20161220_C01_041.czi
AICS-10_124,20161220_C01_042.czi
AICS-10_125,20161220_C01_043.czi
AICS-10_126,20161220_C01_044.czi
AICS-10_127,20161220_C01_045.czi
AICS-10_128,20161220_C01_046.czi
AICS-10_129,20161220_C01_047.czi
AICS-10_130,20161220_C01_048.czi
AICS-10_131,20161220_C01_049.czi
AICS-10_132,20161220_C01_050.czi
AICS-10_133,20161220_C01_051.czi
AICS-10_134,20161220_C01_052.czi
AICS-10_135,20161220_C01_053.czi
AICS-10_136,3500000510_100X_20170131_E05_P03.czi
AICS-10_137,3500000510_100X_20170131_E05_P06.czi
AICS-10_138,3500000510_100X_20170131_E05_P07.czi
AICS-10_139,3500000510_100X_20170131_E05_P08.czi
AICS-10_140,3500000510_100X_20170131_E05_P09.czi
AICS-10_141,3500000510_100X_20170131_E06_P01.czi
AICS-10_142,3500000510_100X_20170131_E06_P04.czi
AICS-10_143,3500000510_100X_20170131_E06_P11.czi
AICS-10_144,3500000510_100X_20170131_E06_P12.czi
AICS-10_145,3500000510_100X_20170131_E06_P13.czi
AICS-10_146,3500000510_100X_20170131_E06_P15.czi
AICS-10_147,3500000510_100X_20170131_E06_P16.czi
AICS-10_148,3500000510_100X_20170131_E06_P17.czi
AICS-10_149,3500000510_100X_20170131_E06_P18.czi
AICS-10_150,3500000510_100X_20170131_E06_P19.czi
AICS-10_151,3500000510_100X_20170131_E07_P29.czi
AICS-10_152,3500000510_100X_20170131_E07_P30.czi
AICS-10_153,3500000510_100X_20170131_E07_P31.czi
AICS-10_154,3500000510_100X_20170131_E07_P32.czi
AICS-10_155,3500000510_100X_20170131_E07_P34.czi
AICS-10_156,3500000510_100X_20170131_E07_P35.czi
AICS-10_157,3500000510_100X_20170131_E08_P20.czi
AICS-10_158,3500000510_100X_20170131_E08_P22.czi
AICS-10_159,3500000510_100X_20170131_E08_P26.czi
AICS-10_160,3500000510_100X_20170131_E08_P28.czi
AICS-10_161,20170206_I01_001.czi
AICS-10_162,20170206_I01_002.czi
AICS-10_163,20170206_I01_003.czi
AICS-10_164,20170206_I01_004.czi
AICS-10_165,20170206_I01_006.czi
AICS-10_166,20170206_I01_007.czi
AICS-10_167,20170206_I01_008.czi
AICS-10_168,20170206_I01_009.czi
AICS-10_169,20170206_I01_010.czi
AICS-10_170,20170206_I01_011.czi
AICS-10_171,20170206_I01_012.czi
AICS-10_172,20170206_I01_013.czi
AICS-10_173,20170206_I01_014.czi
AICS-10_174,20170206_I01_015.czi
AICS-10_175,20170206_I01_016.czi
AICS-10_176,20170206_I01_018.czi
AICS-10_177,20170206_I01_019.czi
AICS-10_178,20170206_I01_020.czi
AICS-10_179,20170206_I01_021.czi
AICS-10_180,20170206_I01_022.czi
AICS-10_181,20170206_I01_023.czi
AICS-10_182,20170206_I01_024.czi
AICS-10_183,20170206_I01_027.czi
AICS-10_184,20170206_I01_031.czi
AICS-10_185,20170206_I01_032.czi
AICS-10_186,3500000542_100X_20170206_E05_P01.czi
AICS-10_187,3500000542_100X_20170206_E05_P02.czi
AICS-10_188,3500000542_100X_20170206_E05_P03.czi
AICS-10_189,3500000542_100X_20170206_E05_P04.czi
AICS-10_190,3500000542_100X_20170206_E05_P05.czi
AICS-10_191,3500000542_100X_20170206_E05_P06.czi
AICS-10_192,3500000542_100X_20170206_E06_P09.czi
AICS-10_193,3500000542_100X_20170206_E06_P10.czi
AICS-10_194,3500000542_100X_20170206_E06_P11.czi
AICS-10_195,3500000542_100X_20170206_E06_P13.czi
AICS-10_196,3500000542_100X_20170206_E06_P14.czi
AICS-10_197,3500000542_100X_20170206_E06_P15.czi
AICS-10_198,3500000542_100X_20170206_E07_P16.czi
AICS-10_199,3500000542_100X_20170206_E07_P17.czi
AICS-10_200,3500000542_100X_20170206_E07_P18.czi
AICS-10_201,3500000542_100X_20170206_E07_P19.czi
AICS-10_202,3500000542_100X_20170206_E07_P20.czi
AICS-10_203,3500000542_100X_20170206_E07_P21.czi
AICS-10_204,3500000542_100X_20170206_E08_P22.czi
AICS-10_205,3500000542_100X_20170206_E08_P23.czi
AICS-10_206,3500000542_100X_20170206_E08_P24.czi
AICS-10_207,3500000542_100X_20170206_E08_P25.czi
AICS-10_208,3500000542_100X_20170206_E08_P27.czi
AICS-10_209,3500000542_100X_20170206_F05_P38.czi
AICS-10_210,3500000542_100X_20170206_F05_P39.czi
AICS-10_211,3500000542_100X_20170206_F05_P40.czi
AICS-10_212,3500000542_100X_20170206_F05_P42.czi
AICS-10_213,3500000542_100X_20170206_F06_P32.czi
AICS-10_214,3500000542_100X_20170206_F06_P33.czi
AICS-10_215,3500000542_100X_20170206_F06_P35.czi
AICS-10_216,3500000542_100X_20170206_F06_P36.czi
AICS-10_217,3500000542_100X_20170206_F08_P28.czi
AICS-10_218,3500000542_100X_20170206_F08_P29.czi
AICS-10_219,3500000542_100X_20170206_F08_P30.czi
AICS-10_220,3500000543_100X_20170206_E5_P2_1.czi
AICS-10_221,3500000543_100X_20170206_E5_P3_1.czi
AICS-10_222,3500000543_100X_20170206_E5_P4_1.czi
AICS-10_223,3500000543_100X_20170206_E5_P5_1.czi
AICS-10_224,3500000543_100X_20170206_E5_P7_1.czi
AICS-10_225,3500000543_100X_20170206_E6_P11_1.czi
AICS-10_226,3500000543_100X_20170206_E6_P6.czi
AICS-10_227,3500000543_100X_20170206_E6_P7.czi
AICS-10_228,3500000543_100X_20170206_E6_P8_1.czi
AICS-10_229,3500000543_100X_20170206_E6_P9_1.czi
AICS-10_230,3500000543_100X_20170206_E7_P13_1.czi
AICS-10_231,3500000543_100X_20170206_E7_P14_1.czi
AICS-10_232,3500000543_100X_20170206_E7_P15_1.czi
AICS-10_233,3500000543_100X_20170206_E7_P16_1.czi
AICS-10_234,3500000543_100X_20170206_E7_P17_1.czi
AICS-10_235,3500000543_100X_20170206_E7_P18_1.czi
AICS-10_236,3500000543_100X_20170206_E8_P21_1.czi
AICS-10_237,3500000543_100X_20170206_E8_P22_1.czi
AICS-10_238,3500000543_100X_20170206_E8_P23_1.czi
AICS-10_239,3500000543_100X_20170206_E8_P24_1.czi
AICS-10_240,3500000543_100X_20170206_F6_P37_1.czi
AICS-10_241,3500000543_100X_20170206_F6_P38_1.czi
AICS-10_242,3500000543_100X_20170206_F6_P39_1.czi
AICS-10_243,3500000543_100X_20170206_F7_P33_1.czi
AICS-10_244,3500000543_100X_20170206_F7_P35_1.czi
AICS-10_245,3500000543_100X_20170206_F7_P36_1.czi
AICS-10_246,3500000543_100X_20170206_F8_P28_1.czi
AICS-10_247,3500000543_100X_20170206_F8_P29_1.czi
AICS-10_248,3500000543_100X_20170206_F8_P30_1.czi
AICS-10_249,3500000543_100X_20170206_F8_P31_1.czi
AICS-10_250,3500000583_100X_20170213_E04_P01.czi
AICS-10_251,3500000583_100X_20170213_E04_P02.czi
AICS-10_252,3500000583_100X_20170213_E04_P03.czi
AICS-10_253,3500000583_100X_20170213_E04_P04.czi
AICS-10_254,3500000583_100X_20170213_E04_P05.czi
AICS-10_255,3500000583_100X_20170213_E05_P06.czi
AICS-10_256,3500000583_100X_20170213_E05_P07.czi
AICS-10_257,3500000583_100X_20170213_E06_P08.czi
AICS-10_258,3500000583_100X_20170213_E06_P09.czi
AICS-10_259,3500000583_100X_20170213_E06_P10.czi
AICS-10_260,3500000583_100X_20170213_E07_P11.czi
AICS-10_261,3500000583_100X_20170213_E07_P12.czi
AICS-10_262,3500000583_100X_20170213_E07_P13.czi
AICS-10_263,3500000583_100X_20170213_E08_P14.czi
AICS-10_264,3500000583_100X_20170213_E08_P15.czi
AICS-10_265,3500000583_100X_20170213_F04_P31.czi
AICS-10_266,3500000583_100X_20170213_F04_P32.czi
AICS-10_267,3500000583_100X_20170213_F04_P34.czi
AICS-10_268,3500000583_100X_20170213_F05_P28.czi
AICS-10_269,3500000583_100X_20170213_F05_P29.czi
AICS-10_270,3500000583_100X_20170213_F05_P30.czi
AICS-10_271,3500000583_100X_20170213_F06_P23.czi
AICS-10_272,3500000583_100X_20170213_F06_P24.czi
AICS-10_273,3500000583_100X_20170213_F06_P25.czi
AICS-10_274,3500000583_100X_20170213_F06_P26.czi
AICS-10_275,3500000583_100X_20170213_F06_P27.czi
AICS-10_276,3500000583_100X_20170213_F07_P20.czi
AICS-10_277,3500000583_100X_20170213_F07_P21.czi
AICS-10_278,3500000583_100X_20170213_F07_P22.czi
AICS-10_279,3500000583_100X_20170213_F08_P17.czi
AICS-10_280,3500000583_100X_20170213_F08_P18.czi
AICS-10_281,3500000583_100X_20170213_F08_P19.czi
AICS-14_0,20160929_I01_001.czi
AICS-14_1,20160929_I01_002.czi
AICS-14_2,20160929_I01_003.czi
AICS-14_3,20160929_I01_004.czi
AICS-14_4,20160929_I01_005.czi
AICS-14_5,20160929_I01_006.czi
AICS-14_6,20160929_I01_007.czi
AICS-14_7,20160929_I01_008.czi
AICS-14_8,20160929_I01_010.czi
AICS-14_9,20160929_I01_012.czi
AICS-14_10,20160929_I01_013.czi
AICS-14_11,20160929_I01_014.czi
AICS-14_12,20160929_I01_015.czi
AICS-14_13,20160929_I01_016.czi
AICS-14_14,20160929_I01_017.czi
AICS-14_15,20160929_I01_018.czi
AICS-14_16,20160929_I01_019.czi
AICS-14_17,20160929_I01_020.czi
AICS-14_18,20160929_I01_021.czi
AICS-14_19,20160929_I01_022.czi
AICS-14_20,20160929_I01_023.czi
AICS-14_21,20160929_I01_024.czi
AICS-14_22,20160929_I01_025.czi
AICS-14_23,20160929_I01_026.czi
AICS-14_24,20160929_I01_027.czi
AICS-14_25,20160929_I01_028.czi
AICS-14_26,20160929_I01_029.czi
AICS-14_27,20160929_I01_030.czi
AICS-14_28,20160929_I01_031.czi
AICS-14_29,20160929_I01_032.czi
AICS-14_30,20160929_I01_034.czi
AICS-14_31,20160929_I01_035.czi
AICS-14_32,20160929_I01_036.czi
AICS-14_33,20160929_I01_038.czi
AICS-14_34,20160929_I01_039.czi
AICS-14_35,20160929_I01_040.czi
AICS-14_36,20170117_I01_001.czi
AICS-14_37,20170117_I01_002.czi
AICS-14_38,20170117_I01_003.czi
AICS-14_39,20170117_I01_004.czi
AICS-14_40,20170117_I01_005.czi
AICS-14_41,20170117_I01_006.czi
AICS-14_42,20170117_I01_007.czi
AICS-14_43,20170117_I01_008.czi
AICS-14_44,20170117_I01_010.czi
AICS-14_45,20170117_I01_011.czi
AICS-14_46,20170117_I01_012.czi
AICS-14_47,20170117_I01_013.czi
AICS-14_48,20170117_I01_014.czi
AICS-14_49,20170117_I01_015.czi
AICS-14_50,20170117_I01_016.czi
AICS-14_51,20170117_I01_017.czi
AICS-14_52,20170117_I01_018.czi
AICS-14_53,20170117_I01_019.czi
AICS-14_54,20170117_I01_020.czi
AICS-14_55,20170117_I01_021.czi
AICS-14_56,20170117_I01_023.czi
AICS-14_57,20170117_I01_025.czi
AICS-14_58,20170117_I01_026.czi
AICS-14_59,20170117_I01_027.czi
AICS-14_60,20170117_I01_028.czi
AICS-14_61,20170117_I01_029.czi
AICS-14_62,20170117_I01_030.czi
AICS-14_63,20170117_I01_034.czi
AICS-14_64,20170117_I01_035.czi
AICS-14_65,20170117_I01_036.czi
AICS-14_66,20170117_I01_037.czi
AICS-14_67,20170117_I01_038.czi
AICS-14_68,20170117_I01_039.czi
AICS-14_69,20170117_I01_040.czi
AICS-14_70,20170117_I01_041.czi
AICS-14_71,20170117_I01_042.czi
AICS-14_72,20170117_I01_043.czi
AICS-14_73,20170117_I01_045.czi
AICS-14_74,20170117_I01_046.czi
AICS-14_75,20170117_I01_047.czi
AICS-14_76,20170117_I01_048.czi
AICS-14_77,20170117_I01_049.czi
AICS-14_78,20170117_I01_050.czi
AICS-14_79,3500000416_100X_20170117_E07_P01.czi
AICS-14_80,3500000416_100X_20170117_E07_P02.czi
AICS-14_81,3500000416_100X_20170117_E07_P03.czi
AICS-14_82,3500000416_100X_20170117_E07_P04.czi
AICS-14_83,3500000416_100X_20170117_E07_P05.czi
AICS-14_84,3500000416_100X_20170117_E07_P06.czi
AICS-14_85,3500000416_100X_20170117_E07_P07.czi
AICS-14_86,3500000416_100X_20170117_E07_P08.czi
AICS-14_87,3500000416_100X_20170117_E07_P09.czi
AICS-14_88,3500000416_100X_20170117_E07_P10.czi
AICS-14_89,3500000416_100X_20170117_E07_P11.czi
AICS-14_90,3500000416_100X_20170117_E07_P12.czi
AICS-14_91,3500000416_100X_20170117_E07_P13.czi
AICS-14_92,3500000416_100X_20170117_E08_P14.czi
AICS-14_93,3500000416_100X_20170117_E08_P15.czi
AICS-14_94,3500000416_100X_20170117_E08_P16.czi
AICS-14_95,3500000416_100X_20170117_E08_P18.czi
AICS-14_96,3500000416_100X_20170117_E08_P19.czi
AICS-14_97,3500000416_100X_20170117_E08_P20.czi
AICS-14_98,3500000416_100X_20170117_E08_P21.czi
AICS-14_99,3500000416_100X_20170117_E08_P22.czi
AICS-14_100,3500000416_100X_20170117_E08_P23.czi
AICS-14_101,3500000416_100X_20170117_F06_P24.czi
AICS-14_102,3500000416_100X_20170117_F06_P25.czi
AICS-14_103,3500000416_100X_20170117_F06_P26.czi
AICS-14_104,3500000416_100X_20170117_F06_P27.czi
AICS-14_105,3500000416_100X_20170117_F06_P29.czi
AICS-14_106,3500000416_100X_20170117_F06_P30.czi
AICS-14_107,3500000416_100X_20170117_F06_P31.czi
AICS-14_108,3500000416_100X_20170117_F06_P32.czi
AICS-14_109,3500000416_100X_20170117_F06_P34.czi
AICS-14_110,3500000416_100X_20170117_F07_P34.czi
AICS-14_111,3500000416_100X_20170117_F07_P36.czi
AICS-14_112,3500000418_100X_20170117_E05_P01.czi
AICS-14_113,3500000418_100X_20170117_E05_P02.czi
AICS-14_114,3500000418_100X_20170117_E05_P03.czi
AICS-14_115,3500000418_100X_20170117_E05_P04.czi
AICS-14_116,3500000418_100X_20170117_E05_P05.czi
AICS-14_117,3500000418_100X_20170117_E05_P07.czi
AICS-14_118,3500000418_100X_20170117_E06_P08.czi
AICS-14_119,3500000418_100X_20170117_E06_P09.czi
AICS-14_120,3500000418_100X_20170117_E06_P10.czi
AICS-14_121,3500000418_100X_20170117_E06_P11.czi
AICS-14_122,3500000418_100X_20170117_E06_P12.czi
AICS-14_123,3500000418_100X_20170117_E07_P35.czi
AICS-14_124,3500000418_100X_20170117_E07_P36.czi
AICS-14_125,3500000418_100X_20170117_E07_P37.czi
AICS-14_126,3500000418_100X_20170117_E07_P38.czi
AICS-14_127,3500000418_100X_20170117_E07_P39.czi
AICS-14_128,3500000418_100X_20170117_E07_P40.czi
AICS-14_129,3500000418_100X_20170117_E07_P41.czi
AICS-14_130,3500000418_100X_20170117_E07_P42.czi
AICS-14_131,3500000418_100X_20170117_E07_P43.czi
AICS-14_132,3500000418_100X_20170117_F05_P20.czi
AICS-14_133,3500000418_100X_20170117_F05_P21.czi
AICS-14_134,3500000418_100X_20170117_F05_P22.czi
AICS-14_135,3500000418_100X_20170117_F05_P23.czi
AICS-14_136,3500000418_100X_20170117_F05_P24.czi
AICS-14_137,3500000418_100X_20170117_F05_P25.czi
AICS-14_138,3500000418_100X_20170117_F05_P26.czi
AICS-14_139,3500000418_100X_20170117_F06_P13.czi
AICS-14_140,3500000418_100X_20170117_F06_P14.czi
AICS-14_141,3500000418_100X_20170117_F06_P15.czi
AICS-14_142,3500000418_100X_20170117_F06_P16.czi
AICS-14_143,3500000418_100X_20170117_F06_P17.czi
AICS-14_144,3500000418_100X_20170117_F06_P18.czi
AICS-14_145,3500000418_100X_20170117_F07_P27.czi
AICS-14_146,3500000418_100X_20170117_F07_P28.czi
AICS-14_147,3500000418_100X_20170117_F07_P29.czi
AICS-14_148,3500000418_100X_20170117_F07_P30.czi
AICS-14_149,3500000418_100X_20170117_F07_P31.czi
AICS-14_150,3500000418_100X_20170117_F07_P32.czi
AICS-14_151,3500000418_100X_20170117_F07_P34.czi
AICS-14_152,20161209_C01_002.czi
AICS-14_153,20161209_C01_003.czi
AICS-14_154,20161209_C01_004.czi
AICS-14_155,20161209_C01_005.czi
AICS-14_156,20161209_C01_006.czi
AICS-14_157,20161209_C01_007.czi
AICS-14_158,20161209_C01_008.czi
AICS-14_159,20161209_C01_009.czi
AICS-14_160,20161209_C01_010.czi
AICS-14_161,20161209_C01_011.czi
AICS-14_162,20161209_C01_012.czi
AICS-14_163,20161209_C01_013.czi
AICS-14_164,20161209_C01_014.czi
AICS-14_165,20161209_C01_015.czi
AICS-14_166,20161209_C01_016.czi
AICS-14_167,20161209_C01_017.czi
AICS-14_168,20161209_C01_018.czi
AICS-14_169,20161209_C01_019.czi
AICS-14_170,20161209_C01_020.czi
AICS-14_171,20161209_C01_021.czi
AICS-14_172,20161209_C01_022.czi
AICS-14_173,20161209_C01_023.czi
AICS-14_174,20161209_C01_024.czi
AICS-14_175,20161209_C01_025.czi
AICS-14_176,20161209_C01_026.czi
AICS-14_177,20161209_C01_027.czi
AICS-14_178,20161209_C01_028.czi
AICS-14_179,20161209_C01_029.czi
AICS-14_180,20161216_S01_001.czi
AICS-14_181,20161216_S01_002.czi
AICS-14_182,20161216_S01_003.czi
AICS-14_183,20161216_S01_004.czi
AICS-14_184,20161216_S01_005.czi
AICS-14_185,20161216_S01_006.czi
AICS-14_186,20161216_S01_007.czi
AICS-14_187,20161216_S01_008.czi
AICS-14_188,20161216_S01_009.czi
AICS-14_189,20161216_S01_010.czi
AICS-14_190,20161216_S01_011.czi
AICS-14_191,20161216_S01_012.czi
AICS-14_192,20161216_S01_013.czi
AICS-14_193,20161216_S01_014.czi
AICS-14_194,20161216_S01_015.czi
AICS-14_195,20161216_S01_016.czi
AICS-14_196,20161216_S01_017.czi
AICS-14_197,20161216_S01_018.czi
AICS-14_198,20161216_S01_019.czi
AICS-14_199,20161216_S01_020.czi
AICS-14_200,20161216_S01_021.czi
AICS-14_201,20161216_S01_022.czi
AICS-14_202,20161216_S01_023.czi
AICS-14_203,20161216_S01_024.czi
AICS-14_204,20161216_S01_025.czi
AICS-14_205,20161216_S01_026.czi
AICS-14_206,20161216_S01_027.czi
AICS-14_207,20161216_S01_028.czi
AICS-14_208,20161216_S01_029.czi
AICS-14_209,20161216_S01_030.czi
AICS-14_210,20161216_S01_031.czi
AICS-14_211,20161216_S01_032.czi
AICS-14_212,20161216_S01_033.czi
AICS-14_213,20161216_S01_034.czi
AICS-14_214,20161216_S01_035.czi
AICS-14_215,20161216_S01_036.czi
AICS-14_216,20161216_S01_037.czi
AICS-14_217,20161216_S01_038.czi
AICS-14_218,20161216_S01_039.czi
AICS-14_219,20161216_S01_040.czi
AICS-14_220,3500000427_100X_20170120_E06_P01.czi
AICS-14_221,3500000427_100X_20170120_E06_P02.czi
AICS-14_222,3500000427_100X_20170120_E06_P03.czi
AICS-14_223,3500000427_100X_20170120_E06_P04.czi
AICS-14_224,3500000427_100X_20170120_E06_P05.czi
AICS-14_225,3500000427_100X_20170120_E06_P06.czi
AICS-14_226,3500000427_100X_20170120_E06_P07.czi
AICS-14_227,3500000427_100X_20170120_E06_P08.czi
AICS-14_228,3500000427_100X_20170120_E06_P09.czi
AICS-14_229,3500000427_100X_20170120_E06_P10.czi
AICS-14_230,3500000427_100X_20170120_E08_P12.czi
AICS-14_231,3500000427_100X_20170120_E08_P13.czi
AICS-14_232,3500000427_100X_20170120_E08_P14.czi
AICS-14_233,3500000427_100X_20170120_E08_P15.czi
AICS-14_234,3500000427_100X_20170120_E08_P16.czi
AICS-14_235,3500000427_100X_20170120_E08_P17.czi
AICS-14_236,3500000427_100X_20170120_E08_P18.czi
AICS-14_237,3500000427_100X_20170120_E08_P19.czi
AICS-14_238,3500000427_100X_20170120_E08_P20.czi
AICS-14_239,3500000427_100X_20170120_E08_P21.czi
AICS-14_240,3500000427_100X_20170120_E08_P22.czi
AICS-14_241,3500000427_100X_20170120_E08_P23.czi
AICS-14_242,3500000427_100X_20170120_F05_P24.czi
AICS-14_243,3500000427_100X_20170120_F05_P25.czi
AICS-14_244,3500000427_100X_20170120_F05_P27.czi
AICS-14_245,3500000427_100X_20170120_F05_P28.czi
AICS-14_246,3500000427_100X_20170120_F06_P29.czi
AICS-14_247,3500000427_100X_20170120_F06_P30.czi
AICS-14_248,3500000427_100X_20170120_F06_P32.czi
AICS-14_249,3500000427_100X_20170120_F06_P33.czi
AICS-14_250,3500000427_100X_20170120_F06_P37.czi
AICS-14_251,3500000427_100X_20170120_F06_P38.czi
AICS-14_252,3500000427_100X_20170120_F07_P40.czi
AICS-14_253,3500000427_100X_20170120_F07_P41.czi
AICS-14_254,3500000427_100X_20170120_F07_P42.czi
AICS-14_255,3500000427_100X_20170120_F07_P43.czi
AICS-14_256,3500000427_100X_20170120_F07_P45.czi
AICS-14_257,3500000427_100X_20170120_F07_P46.czi
AICS-14_258,3500000427_100X_20170120_F07_P47.czi
AICS-14_259,3500000427_100X_20170120_F07_P48.czi
AICS-14_260,3500000427_100X_20170120_F07_P49.czi
AICS-14_261,3500000427_100X_20170120_F07_P50.czi
AICS-14_262,3500000429_100X_20170120_E05_P03.czi
AICS-14_263,3500000429_100X_20170120_E05_P04.czi
AICS-14_264,3500000429_100X_20170120_E05_P05.czi
AICS-14_265,3500000429_100X_20170120_E06_P06.czi
AICS-14_266,3500000429_100X_20170120_E06_P07.czi
AICS-14_267,3500000429_100X_20170120_E06_P08.czi
AICS-14_268,3500000429_100X_20170120_E06_P09.czi
AICS-14_269,3500000429_100X_20170120_E06_P10.czi
AICS-14_270,3500000429_100X_20170120_E06_P11.czi
AICS-14_271,3500000429_100X_20170120_E06_P12.czi
AICS-14_272,3500000429_100X_20170120_E07_P13.czi
AICS-14_273,3500000429_100X_20170120_E07_P14.czi
AICS-14_274,3500000429_100X_20170120_E07_P15.czi
AICS-14_275,3500000429_100X_20170120_E07_P16.czi
AICS-14_276,3500000429_100X_20170120_E07_P17.czi
AICS-14_277,3500000429_100X_20170120_E07_P18.czi
AICS-14_278,3500000429_100X_20170120_E07_P19.czi
AICS-14_279,3500000429_100X_20170120_E07_P20.czi
AICS-14_280,3500000429_100X_20170120_F05_P36.czi
AICS-14_281,3500000429_100X_20170120_F05_P37.czi
AICS-14_282,3500000429_100X_20170120_F05_P41.czi
AICS-14_283,3500000429_100X_20170120_F05_P42.czi
AICS-14_284,3500000429_100X_20170120_F05_P43.czi
AICS-14_285,3500000429_100X_20170120_F05_P45.czi
AICS-14_286,3500000429_100X_20170120_F05_P46.czi
AICS-14_287,3500000429_100X_20170120_F06_P28.czi
AICS-14_288,3500000429_100X_20170120_F06_P29.czi
AICS-14_289,3500000429_100X_20170120_F06_P30.czi
AICS-14_290,3500000429_100X_20170120_F06_P31.czi
AICS-14_291,3500000429_100X_20170120_F06_P32.czi
AICS-14_292,3500000429_100X_20170120_F06_P34.czi
AICS-14_293,3500000429_100X_20170120_F06_P35.czi
AICS-14_294,3500000429_100X_20170120_F07_P22.czi
AICS-14_295,3500000429_100X_20170120_F07_P23.czi
AICS-14_296,3500000429_100X_20170120_F07_P24.czi
AICS-14_297,3500000429_100X_20170120_F07_P25.czi
AICS-14_298,3500000429_100X_20170120_F07_P26.czi
AICS-14_299,3500000429_100X_20170120_F07_P27.czi
AICS-16_0,20160930_S01_001.czi
AICS-16_1,20160930_S01_002.czi
AICS-16_2,20160930_S01_003.czi
AICS-16_3,20160930_S01_004.czi
AICS-16_4,20160930_S01_006.czi
AICS-16_5,20160930_S01_007.czi
AICS-16_6,20160930_S01_009.czi
AICS-16_7,20160930_S01_010.czi
AICS-16_8,20160930_S01_011.czi
AICS-16_9,20160930_S01_012.czi
AICS-16_10,20160930_S01_014.czi
AICS-16_11,20160930_S01_015.czi
AICS-16_12,20160930_S01_018.czi
AICS-16_13,20160930_S01_019.czi
AICS-16_14,20160930_S01_022.czi
AICS-16_15,20160930_S01_023.czi
AICS-16_16,20160930_S01_024.czi
AICS-16_17,20160930_S01_027.czi
AICS-16_18,20160930_S01_029.czi
AICS-16_19,20160930_S01_030.czi
AICS-16_20,20160930_S01_036.czi
AICS-16_21,20161216_C02_001.czi
AICS-16_22,20161216_C02_002.czi
AICS-16_23,20161216_C02_003.czi
AICS-16_24,20161216_C02_004.czi
AICS-16_25,20161216_C02_005.czi
AICS-16_26,20161216_C02_006.czi
AICS-16_27,20161216_C02_007.czi
AICS-16_28,20161216_C02_008.czi
AICS-16_29,20161216_C02_009.czi
AICS-16_30,20161216_C02_010.czi
AICS-16_31,20161216_C02_011.czi
AICS-16_32,20161216_C02_012.czi
AICS-16_33,20161216_C02_013.czi
AICS-16_34,20161216_C02_014.czi
AICS-16_35,20161216_C02_015.czi
AICS-16_36,20161216_C02_016.czi
AICS-16_37,20161216_C02_017.czi
AICS-16_38,20161216_C02_018.czi
AICS-16_39,20161216_C02_019.czi
AICS-16_40,20161216_C02_020.czi
AICS-16_41,20161216_C02_022.czi
AICS-16_42,20161216_C02_023.czi
AICS-16_43,20161216_C02_024.czi
AICS-16_44,20161216_C02_025.czi
AICS-16_45,20161216_C02_026.czi
AICS-16_46,20161216_C02_027.czi
AICS-16_47,20161216_C02_028.czi
AICS-16_48,20161216_C02_029.czi
AICS-16_49,20161216_C02_030.czi
AICS-16_50,20170207_C01_002.czi
AICS-16_51,20170207_C01_003.czi
AICS-16_52,20170207_C01_004.czi
AICS-16_53,20170207_C01_005.czi
AICS-16_54,20170207_C01_006.czi
AICS-16_55,20170207_C01_007.czi
AICS-16_56,20170207_C01_008.czi
AICS-16_57,20170207_C01_010.czi
AICS-16_58,20170207_C01_011.czi
AICS-16_59,20170207_C01_012.czi
AICS-16_60,20170207_C01_013.czi
AICS-16_61,20170207_C01_014.czi
AICS-16_62,20170207_C01_016.czi
AICS-16_63,20170207_C01_017.czi
AICS-16_64,20170207_C01_018.czi
AICS-16_65,20170207_C01_019.czi
AICS-16_66,20170207_C01_020.czi
AICS-16_67,20170207_C01_021.czi
AICS-16_68,20170207_C01_022.czi
AICS-16_69,20170207_C01_023.czi
AICS-16_70,20170207_C01_024.czi
AICS-16_71,20170207_C01_025.czi
AICS-16_72,20170207_C01_026.czi
AICS-16_73,20170207_C01_027.czi
AICS-16_74,20170207_C01_028.czi
AICS-16_75,20170207_C01_029.czi
AICS-16_76,20170207_C01_030.czi
AICS-16_77,20170207_C01_031.czi
AICS-16_78,20170207_C01_032.czi
AICS-16_79,20170207_C01_033.czi
AICS-16_80,20170207_C01_034.czi
AICS-16_81,20170207_C01_035.czi
AICS-16_82,20170207_C01_036.czi
AICS-16_83,20170207_C01_037.czi
AICS-16_84,20170207_C01_038.czi
AICS-16_85,20170207_C01_039.czi
AICS-16_86,20170207_C01_040.czi
AICS-16_87,20170207_C01_041.czi
AICS-16_88,20170207_C01_042.czi
AICS-16_89,20170207_C01_043.czi
AICS-16_90,20170207_C01_044.czi
AICS-16_91,20170207_C01_045.czi
AICS-16_92,20170207_C01_046.czi
AICS-16_93,20170207_C01_047.czi
AICS-16_94,20170207_C01_048.czi
AICS-16_95,20170207_C01_049.czi
AICS-16_96,20170207_C01_050.czi
AICS-16_97,20170207_C01_051.czi
AICS-16_98,20170207_C01_052.czi
AICS-16_99,20170207_C01_053.czi
AICS-16_100,20170207_C01_054.czi
AICS-16_101,20170207_C01_055.czi
AICS-16_102,20170207_C01_057.czi
AICS-16_103,20170207_C01_058.czi
AICS-16_104,20170207_C01_059.czi
AICS-16_105,20170207_C01_060.czi
AICS-16_106,20170207_C01_061.czi
AICS-7_0,20160708_I01_001.czi
AICS-7_1,20160708_I01_002.czi
AICS-7_2,20160708_I01_003.czi
AICS-7_3,20160708_I01_004.czi
AICS-7_4,20160708_I01_005.czi
AICS-7_5,20160708_I01_006.czi
AICS-7_6,20160708_I01_007.czi
AICS-7_7,20160708_I01_008.czi
AICS-7_8,20160708_I01_009.czi
AICS-7_9,20160708_I01_010.czi
AICS-7_10,20160708_I01_011.czi
AICS-7_11,20160708_I01_012.czi
AICS-7_12,20160708_I01_013.czi
AICS-7_13,20160708_I01_014.czi
AICS-7_14,20160708_I01_015.czi
AICS-7_15,20160708_I01_016.czi
AICS-7_16,20160708_I01_017.czi
AICS-7_17,20160708_I01_018.czi
AICS-7_18,20160708_I01_019.czi
AICS-7_19,20160708_I01_020.czi
AICS-7_20,20160708_I01_021.czi
AICS-7_21,20160708_I01_022.czi
AICS-7_22,20160708_I01_023.czi
AICS-7_23,20160708_I01_024.czi
AICS-7_24,20160708_I01_025.czi
AICS-7_25,20160708_I01_026.czi
AICS-7_26,20160708_I01_027.czi
AICS-7_27,20160708_I01_028.czi
AICS-7_28,20160708_I01_029.czi
AICS-7_29,20160708_I01_030.czi
AICS-7_30,20160708_I01_031.czi
AICS-7_31,20160708_I01_032.czi
AICS-7_32,20160708_I01_033.czi
AICS-7_33,20160708_I01_034.czi
AICS-7_34,20160708_I01_035.czi
AICS-7_35,20160708_I01_036.czi
AICS-7_36,20160708_I01_037.czi
AICS-7_37,20160708_I01_038.czi
AICS-7_38,20160708_I01_039.czi
AICS-7_39,20160708_I01_040.czi
AICS-7_40,20160708_I01_041.czi
AICS-7_41,20160708_I01_042.czi
AICS-7_42,20160708_I01_043.czi
AICS-7_43,20160708_I01_044.czi
AICS-7_44,20160708_I01_045.czi
AICS-7_45,20160708_I01_046.czi
AICS-7_46,20160708_I01_047.czi
AICS-7_47,20160708_I01_048.czi
AICS-7_48,20160708_I01_049.czi
AICS-7_49,20160708_I01_050.czi
AICS-7_50,20160708_I01_051.czi
AICS-7_51,20160708_I01_052.czi
AICS-7_52,20160708_I01_053.czi
AICS-7_53,20160708_I01_054.czi
AICS-7_54,20160708_I01_055.czi
AICS-7_55,20160708_I01_056.czi
AICS-7_56,20160708_I01_057.czi
AICS-7_57,20160708_I01_058.czi
AICS-7_58,20160708_I01_059.czi
AICS-7_59,20160708_I01_060.czi
AICS-7_60,20161216_I03_001.czi
AICS-7_61,20161216_I03_002.czi
AICS-7_62,20161216_I03_003.czi
AICS-7_63,20161216_I03_004.czi
AICS-7_64,20161216_I03_005.czi
AICS-7_65,20161216_I03_006.czi
AICS-7_66,20161216_I03_007.czi
AICS-7_67,20161216_I03_008.czi
AICS-7_68,20161216_I03_009.czi
AICS-7_69,20161216_I03_010.czi
AICS-7_70,20161216_I03_011.czi
AICS-7_71,20161216_I03_012.czi
AICS-7_72,20161216_I03_013.czi
AICS-7_73,20161216_I03_015.czi
AICS-7_74,20161216_I03_016.czi
AICS-7_75,20161216_I03_017.czi
AICS-7_76,20161216_I03_018.czi
AICS-7_77,20161216_I03_019.czi
AICS-7_78,20161216_I03_020.czi
AICS-7_79,20161216_I03_021.czi
AICS-7_80,20161216_I03_022.czi
AICS-7_81,20161216_I03_023.czi
AICS-7_82,20161216_I03_024.czi
AICS-7_83,20161216_I03_025.czi
AICS-7_84,20161216_I03_026.czi
AICS-7_85,20161216_I03_027.czi
AICS-7_86,20161216_I03_028.czi
AICS-7_87,20161216_I03_029.czi
AICS-7_88,20161216_I03_030.czi
AICS-7_89,20161216_I03_031.czi
AICS-7_90,20161216_I03_032.czi
AICS-7_91,20161216_I03_033.czi
AICS-7_92,20161216_I03_034.czi
AICS-7_93,20161216_I03_035.czi
AICS-7_94,20161216_I03_036.czi
AICS-7_95,20161216_I03_037.czi
AICS-7_96,20161216_I03_038.czi
AICS-7_97,20161216_I03_039.czi
AICS-7_98,20161216_I03_040.czi
AICS-7_99,20161216_I03_041.czi
AICS-7_100,20161216_I03_042.czi
AICS-7_101,20161216_I03_043.czi
AICS-7_102,20161216_I03_044.czi
AICS-7_103,20161216_I03_045.czi
AICS-7_104,20161216_I03_046.czi
AICS-7_105,20161216_I03_047.czi
AICS-7_106,20161216_I03_048.czi
AICS-7_107,20161216_I03_049.czi
AICS-7_108,20161216_I03_050.czi
AICS-17_0,20160711_C01_002.czi
AICS-17_1,20160711_C01_003.czi
AICS-17_2,20160711_C01_004.czi
AICS-17_3,20160711_C01_005.czi
AICS-17_4,20160711_C01_007.czi
AICS-17_5,20160711_C01_008.czi
AICS-17_6,20160711_C01_009.czi
AICS-17_7,20160711_C01_011.czi
AICS-17_8,20160711_C01_012.czi
AICS-17_9,20160711_C01_013.czi
AICS-17_10,20160711_C01_014.czi
AICS-17_11,20160711_C01_018.czi
AICS-17_12,20160711_C01_019.czi
AICS-17_13,20160711_C01_020.czi
AICS-17_14,20160711_C01_021.czi
AICS-17_15,20160711_C01_022.czi
AICS-17_16,20160711_C01_023.czi
AICS-17_17,20160711_C01_024.czi
AICS-17_18,20160711_C01_025.czi
AICS-17_19,20160711_C01_027.czi
AICS-17_20,20160711_C01_028.czi
AICS-17_21,20160711_C01_029.czi
AICS-17_22,20160711_C01_030.czi
AICS-17_23,20160711_C01_032.czi
AICS-17_24,20160711_C01_033.czi
AICS-17_25,20160711_C01_034.czi
AICS-17_26,20160711_C01_035.czi
AICS-17_27,20160711_C01_036.czi
AICS-17_28,20160711_C01_037.czi
AICS-17_29,20160711_C01_038.czi
AICS-17_30,20160711_C01_039.czi
AICS-17_31,20160711_C01_040.czi
AICS-17_32,20160711_C01_041.czi
AICS-17_33,20160711_C01_042.czi
AICS-17_34,20160711_C01_043.czi
AICS-17_35,20160711_C01_044.czi
AICS-17_36,20160711_C01_046.czi
AICS-17_37,20160711_C01_047.czi
AICS-17_38,20160711_C01_048.czi
AICS-17_39,20160711_C01_049.czi
AICS-17_40,20160711_C01_050.czi
AICS-17_41,20160711_C01_052.czi
AICS-17_42,20160711_C01_054.czi
AICS-17_43,20160711_C01_055.czi
AICS-17_44,20160711_C01_056.czi
AICS-17_45,20160711_C01_057.czi
AICS-17_46,20160711_C01_058.czi
AICS-17_47,20160711_C01_059.czi
AICS-17_48,20160711_C01_060.czi
AICS-17_49,20161220_S01_001.czi
AICS-17_50,20161220_S01_004.czi
AICS-17_51,20161220_S01_005.czi
AICS-17_52,20161220_S01_006.czi
AICS-17_53,20161220_S01_007.czi
AICS-17_54,20161220_S01_008.czi
AICS-17_55,20161220_S01_009.czi
AICS-17_56,20161220_S01_012.czi
AICS-17_57,20161220_S01_013.czi
AICS-17_58,20161220_S01_014.czi
AICS-17_59,20161220_S01_016.czi
AICS-17_60,20161220_S01_017.czi
AICS-17_61,20161220_S01_018.czi
AICS-17_62,20161220_S01_020.czi
AICS-17_63,20161220_S01_021.czi
AICS-17_64,20161220_S01_022.czi
AICS-17_65,20161220_S01_023.czi
AICS-17_66,20161220_S01_024.czi
AICS-17_67,20161220_S01_025.czi
AICS-17_68,20161220_S01_026.czi
AICS-17_69,20161220_S01_027.czi
AICS-17_70,20161220_S01_029.czi
AICS-17_71,20161220_S01_030.czi
AICS-17_72,20161220_S01_033.czi
AICS-17_73,20161220_S01_034.czi
AICS-17_74,20161220_S01_037.czi
AICS-17_75,20161220_S01_038.czi
AICS-17_76,20161220_S01_041.czi
AICS-17_77,20161220_S01_042.czi
AICS-17_78,20161220_S01_043.czi
AICS-23_0,20161216_C01_001.czi
AICS-23_1,20161216_C01_002.czi
AICS-23_2,20161216_C01_003.czi
AICS-23_3,20161216_C01_004.czi
AICS-23_4,20161216_C01_005.czi
AICS-23_5,20161216_C01_006.czi
AICS-23_6,20161216_C01_007.czi
AICS-23_7,20161216_C01_008.czi
AICS-23_8,20161216_C01_009.czi
AICS-23_9,20161216_C01_010.czi
AICS-23_10,20161216_C01_011.czi
AICS-23_11,20161216_C01_012.czi
AICS-23_12,20161216_C01_013.czi
AICS-23_13,20161216_C01_014.czi
AICS-23_14,20161216_C01_015.czi
AICS-23_15,20161216_C01_016.czi
AICS-23_16,20161216_C01_017.czi
AICS-23_17,20161216_C01_018.czi
AICS-23_18,20161216_C01_019.czi
AICS-23_19,20161216_C01_020.czi
AICS-23_20,20161216_C01_021.czi
AICS-23_21,20161216_C01_022.czi
AICS-23_22,20161216_C01_023.czi
AICS-23_23,20161216_C01_024.czi
AICS-23_24,20161216_C01_025.czi
AICS-23_25,20161216_C01_026.czi
AICS-23_26,20161216_C01_027.czi
AICS-23_27,20161216_C01_028.czi
AICS-23_28,20161216_C01_029.czi
AICS-23_29,20161216_C01_030.czi
AICS-23_30,20161216_C01_031.czi
AICS-23_31,20161216_C01_032.czi
AICS-23_32,20161216_C01_033.czi
AICS-23_33,20161216_C01_034.czi
AICS-23_34,20161216_C01_035.czi
AICS-23_35,20161216_C01_036.czi
AICS-23_36,20161216_C01_037.czi
AICS-23_37,20161216_C01_038.czi
AICS-23_38,20161216_C01_039.czi
AICS-23_39,20161216_C01_040.czi
AICS-23_40,20161216_C01_041.czi
AICS-23_41,20161216_C01_042.czi
AICS-23_42,20161216_C01_043.czi
AICS-23_43,20161216_C01_044.czi
AICS-23_44,20161216_C01_045.czi
AICS-23_45,20161216_C01_046.czi
AICS-23_46,20161216_C01_047.czi
AICS-23_47,20161216_C01_048.czi
AICS-23_48,20161216_C01_049.czi
AICS-23_49,20161216_C01_050.czi
AICS-23_50,20161216_C01_051.czi
AICS-23_51,20161216_C01_052.czi
AICS-23_52,20161216_C01_053.czi
AICS-23_53,20161216_C01_054.czi
AICS-23_54,20161216_C01_055.czi
AICS-23_55,20161216_C01_056.czi
AICS-23_56,20161216_C01_057.czi
AICS-23_57,20161216_C01_058.czi
AICS-23_58,20161216_C01_059.czi
AICS-23_59,20161216_C01_060.czi
AICS-24_0,20161219_S01_001.czi
AICS-24_1,20161219_S01_002.czi
AICS-24_2,20161219_S01_004.czi
AICS-24_3,20161219_S01_005.czi
AICS-24_4,20161219_S01_006.czi
AICS-24_5,20161219_S01_007.czi
AICS-24_6,20161219_S01_008.czi
AICS-24_7,20161219_S01_009.czi
AICS-24_8,20161219_S01_010.czi
AICS-24_9,20161219_S01_011.czi
AICS-24_10,20161219_S01_013.czi
AICS-24_11,20161219_S01_014.czi
AICS-24_12,20161219_S01_015.czi
AICS-24_13,20161219_S01_016.czi
AICS-24_14,20161219_S01_017.czi
AICS-24_15,20161219_S01_018.czi
AICS-24_16,20161219_S01_019.czi
AICS-24_17,20161219_S01_020.czi
AICS-24_18,20161219_S01_021.czi
AICS-24_19,20161219_S01_023.czi
AICS-24_20,20161219_S01_024.czi
AICS-24_21,20161219_S01_026.czi
AICS-24_22,20161219_S01_027.czi
AICS-24_23,20161219_S01_028.czi
AICS-24_24,20161219_S01_029.czi
AICS-24_25,20161219_S01_030.czi
AICS-24_26,20161219_S01_031.czi
AICS-24_27,20161219_S01_032.czi
AICS-24_28,20161219_S01_033.czi
AICS-24_29,20161219_S01_034.czi
AICS-24_30,20161219_S01_035.czi
AICS-24_31,20161219_S01_036.czi
AICS-24_32,20161219_S01_037.czi
AICS-24_33,20161219_S01_038.czi
AICS-24_34,20161219_S01_039.czi
AICS-24_35,20161219_S01_040.czi
AICS-24_36,20161219_S01_041.czi
AICS-24_37,20161219_S01_042.czi
AICS-24_38,20161219_S01_043.czi
AICS-24_39,20161219_S01_044.czi
AICS-24_40,20161219_S01_045.czi
AICS-24_41,20161219_S01_047.czi
AICS-24_42,20161219_S01_048.czi
AICS-24_43,20161219_S01_049.czi
AICS-24_44,20161219_S01_050.czi
AICS-24_45,20161219_S01_051.czi
AICS-24_46,20161219_S01_052.czi
AICS-24_47,20161219_S01_053.czi
AICS-24_48,20161219_S01_054.czi
AICS-24_49,20161219_S01_055.czi
